"","V1","V2","V3","V4","V5","V6"
"1",0.174177259763237,0.636342259071767,0.317392738111783,0.64340861389786,0.394680219554342,0.379418575786054
"2",0.691724276514724,0.686490394800436,0.651272310322151,0.406218250847422,0.727886385886464,0.774032826914918
"3",0.526102425607387,0.690968155778479,0.299902062935289,0.792460228661541,0.531916983890813,0.446505595200695
"4",0.406868521427736,0.733902095135767,0.481446613376029,0.732645077037159,0.378508416071068,0.444804784151725
"5",0.220761050171684,0.402087169580627,0.689313774122391,0.364388145495672,0.691603313765023,0.300415719358716
"6",0.626896850655321,0.475475253007375,0.708759237824473,0.790470281902701,0.548283566443715,0.329508350560442
"7",0.6840671091564,0.517187705652323,0.27724264525855,0.205032662992831,0.596252020287327,0.782587302563712
"8",0.446434831390157,0.566011522970162,0.212999252052046,0.510475379101932,0.262585897269193,0.632973034400493
"9",0.700624402298592,0.657158943306189,0.187582921843976,0.230166009171866,0.295666220719926,0.681803859568201
"10",0.769496595791075,0.35738188186055,0.451571243022569,0.837886103702709,0.268829118210357,0.30225187121192
"11",0.377704895171337,0.434805070435628,0.710787479727995,0.759340699191205,0.799224721855484,0.606935603606049
"12",0.460398988795001,0.738926623002626,0.367376506874803,0.527062352556735,0.538347307012882,0.192955512144603
"13",0.720244003781583,0.55824295531353,0.643573075762019,0.746847900328226,0.486338166465983,0.566352804887574
"14",0.27475703412341,0.56283303957805,0.792443495110143,0.518832787383348,0.458435970782302,0.594027846325189
"15",0.231033751214389,0.353071360570844,0.414241872289684,0.797602209035307,0.791938857305329,0.765674978351686
"16",0.467094022648875,0.252156243580859,0.338298033051193,0.728746263890061,0.493144062390085,0.482636245964561
"17",0.587806725459639,0.397771998713259,0.727190902712755,0.512117123355158,0.722220865059178,0.222779196884949
"18",0.314527757591568,0.846826486443169,0.647566346201114,0.604966496993788,0.272949189423583,0.718463218493853
"19",0.139490630009212,0.749919540054165,0.661040423539001,0.44525290578464,0.753715500967111,0.228426932629198
"20",0.727691827854142,0.906430077889468,0.356781746358145,0.325536230754573,0.665981698124669,0.282313583934214
"21",0.524363390541635,0.819964220488444,0.581270479326136,0.812173050275538,0.510705990978051,0.2519182062787
"22",0.192073618292343,0.276061952019576,0.508727060649544,0.393113823111169,0.321171845679171,0.648030305953231
"23",0.335734575246926,0.576744163752533,0.874443006899208,0.238140094237402,0.303785474531818,0.711564511638135
"24",0.288184235344175,0.181074825496878,0.66605882951431,0.614365148153622,0.208896007245406,0.270604323960841
"25",0.767766744214576,0.208718545345124,0.494983832960017,0.471226742265746,0.529793789266143,0.704381806624122
"26",0.363480174880009,0.344612150329165,0.278105851981789,0.182471292454284,0.641786270548124,0.36357000012463
"27",0.745729154299479,0.45838353120815,0.137382502234075,0.382605858994182,0.728393093223684,0.580485617117956
"28",0.723529923156835,0.821958033309318,0.380208497910295,0.77240407409519,0.425425481466111,0.438621016045567
"29",0.42441343447566,0.758791636323091,0.628483210070524,0.335703400032595,0.516642757734284,0.317298800349236
"30",0.788591708188876,0.236861920705531,0.241842183753848,0.713128023629542,0.735011405925732,0.56391744083399
"31",0.542030091489665,0.767445146813057,0.48815023293905,0.523756709837355,0.565193911572918,0.473261137891561
"32",0.472343656065874,0.844552406647708,0.274439536345657,0.689545083064586,0.685069784363732,0.834583143783733
"33",0.868828456910327,0.364171609865967,0.405079474657774,0.295532774300314,0.414030471692327,0.879712792384904
"34",0.304140831373632,0.710858836518135,0.332857892266009,0.31075522284722,0.851540266409516,0.739705616226885
"35",0.234175037463196,0.318391961933114,0.753092598014045,0.193969261629507,0.482020807937719,0.790498465272132
"36",0.635939344103914,0.380741531167179,0.805837932291906,0.817792002392467,0.259040587122552,0.511710332840215
"37",0.178032376912888,0.791407481745351,0.492672773642,0.240185107422527,0.523235604155809,0.587289798307233
"38",0.436566983961035,0.522312524975277,0.736378026098944,0.274039786273614,0.877280820763204,0.725912871423643
"39",0.20742188132694,0.649210174131207,0.676501555292401,0.804131170479115,0.481716046415269,0.196300568479113
"40",0.471672583836596,0.225422389520798,0.627764785903972,0.426473335068207,0.815211266011465,0.319487821814604
"41",0.112558509055059,0.48731435337523,0.769627737041563,0.621059598462656,0.096703800549265,0.382716200931929
"42",0.22452578182146,0.27462615977088,0.328661701230332,0.345037285083439,0.651417771075852,0.708952123269439
"43",0.589876270138659,0.661235658607446,0.194209329600912,0.765602781175636,0.687878774176352,0.287027157346718
"44",0.544492015891243,0.837883387624286,0.616402158506215,0.697931957488414,0.463166053103749,0.767137977586594
"45",0.462904669579584,0.668703199320473,0.534959831740242,0.814068825760856,0.74788178913435,0.794037671385333
"46",0.707069767998531,0.124558429383207,0.543284184286837,0.219984806498513,0.341413249380421,0.79236459443951
"47",0.265896627674811,0.519483572133817,0.223066511936951,0.217725534322672,0.368869510537945,0.688723013946786
"48",0.639893802163657,0.385579808528069,0.524209356994834,0.563420017071534,0.634789342723787,0.534397839856334
"49",0.208439401584677,0.677071875652298,0.272265244875569,0.657881982591935,0.146173284892924,0.527010885151103
"50",0.26793359148223,0.725953381503467,0.14635272280639,0.356687442101538,0.108089268168435,0.388713056773413
"51",0.423653222918045,0.493162379170302,0.527719085396733,0.387494520616252,0.556919435357675,0.233661357176956
"52",0.719101316701155,0.215178703199141,0.44428415595321,0.862145652257837,0.566821218590718,0.370605739426333
"53",0.256566170994658,0.864901093146764,0.903175987087656,0.744306035821326,0.389496102017351,0.60549857783597
"54",0.34641278297361,0.411054680942558,0.60752896781778,0.188094960294198,0.203130555692129,0.619046257518698
"55",0.692342357848771,0.540154993661214,0.70764905678574,0.703388561723754,0.180336521377321,0.721416191514116
"56",0.143243335943669,0.51005959428614,0.65784547299752,0.299836250087246,0.106909063942265,0.402702437748201
"57",0.591149179894943,0.805192325667944,0.714179357291665,0.41465278253844,0.63286940225726,0.628546084487345
"58",0.204537190433126,0.530625162510201,0.730806558161508,0.72329418991087,0.309733526513912,0.833424982361961
"59",0.316240002893843,0.175707803904079,0.171625651963986,0.475346732878592,0.318963441364467,0.268692136840895
"60",0.443598882137332,0.597621975703165,0.575856145611499,0.780274943223223,0.211249134744983,0.488006112127565
"61",0.60642806013301,0.704257171722595,0.110075952260289,0.548193598968908,0.195088682898786,0.4802970663663
"62",0.664766617256682,0.826566516686231,0.514263860045932,0.487795404291246,0.85787940048147,0.146908804292791
"63",0.629778107721824,0.164953297139145,0.342377991692163,0.147851995509118,0.230630677985493,0.323554575719405
"64",0.754865527173504,0.698728733243886,0.765656768781599,0.172057859908789,0.225633558282163,0.876877290683333
"65",0.814309584866278,0.260152768601663,0.18569973906409,0.89106876501115,0.766095932093915,0.231704887398984
"66",0.270596194935031,0.116040740506724,0.150803619921207,0.242439746993128,0.293843192353845,0.773136099665426
"67",0.241325843198691,0.267357104844414,0.758355267851613,0.869079927828163,0.148110256428365,0.180686393787153
"68",0.829717391089536,0.301673307251651,0.550582049930468,0.260600203054957,0.644773520721588,0.502899544277228
"69",0.251558846952394,0.223182908078656,0.395823168823495,0.190949770248495,0.897605312334839,0.570224691445008
"70",0.729904026674107,0.825731077941135,0.679132287747692,0.507603818495292,0.506079322208185,0.306266848992556
"71",0.795500601051841,0.74076100863656,0.85739881919045,0.827173441675026,0.36546157673141,0.164350044548977
"72",0.860915474374779,0.863314842827618,0.843578341301996,0.61677443027636,0.264867064346559,0.696551751786843
"73",0.680518763686065,0.736502032591496,0.511829465734307,0.55728281567432,0.217743755633011,0.547463400363456
"74",0.127049854185898,0.735177104384173,0.54488451930834,0.130896683591418,0.839952422359493,0.260015619801357
"75",0.188359973882791,0.106635404819623,0.663616247997154,0.640679086486343,0.78183886654675,0.812026464841329
"76",0.698806018084288,0.145096354441717,0.335621595235076,0.809222715106327,0.234774506569374,0.540916866141371
"77",0.223786804259755,0.178260395535268,0.748608380070887,0.727441215630155,0.919177909878548,0.431883986422792
"78",0.553659040609375,0.395155096975155,0.285949653583113,0.373154507429805,0.376761157159694,0.200896286418661
"79",0.350220449799672,0.674669243617915,0.210944346927106,0.35389746592287,0.649721825227607,0.127628559740726
"80",0.493072786231991,0.324193926524837,0.761689093416091,0.600007598693017,0.69678622879507,0.78059304955462
"81",0.852058627098333,0.429342502222862,0.384431381532922,0.135806193610653,0.183059683486354,0.643191638462711
"82",0.352647281558719,0.308766603679396,0.716852685010526,0.378088194676209,0.236987128023989,0.187483540718909
"83",0.389048448048066,0.869156058874447,0.119501936211716,0.644411880685482,0.297058642064221,0.748683951867279
"84",0.539299413187429,0.696013000463601,0.314925955390092,0.301276733329054,0.168970722388942,0.234315308228135
"85",0.17711502626026,0.82398218492046,0.725607829731889,0.887075727352407,0.737418318939861,0.354117202842608
"86",0.191506037702318,0.304890002961271,0.14845851922268,0.823428333031945,0.705877677100245,0.623582281610928
"87",0.478237376924139,0.503882774712052,0.44209690262191,0.400237932851072,0.418992447336204,0.701009409528226
"88",0.475373002165928,0.685562565904576,0.705251016557217,0.370355780390091,0.33942113667028,0.583198537021875
"89",0.899189457235392,0.742740256354678,0.244326903366484,0.181273861657362,0.771961578418035,0.460622936343774
"90",0.88682052914938,0.490504073749296,0.690408585196827,0.329069246842992,0.706076465677936,0.278533271904103
"91",0.485148247692268,0.655408984986134,0.375401499419007,0.59382464871509,0.163729946801905,0.826735588639509
"92",0.870538785382174,0.433062378139701,0.771104890611954,0.255497410584241,0.24272693979321,0.364486935445108
"93",0.476773981397972,0.211766102476511,0.881174414991401,0.396880558229517,0.285131905914284,0.726225938863121
"94",0.941775821962859,0.761831839308608,0.368122272803914,0.463073962170631,0.508737080911174,0.285336485267151
"95",0.839051958728116,0.770859879282303,0.476949907801114,0.197990503813606,0.820412885888945,0.166235681705177
"96",0.748236790857743,0.618312464719173,0.179535364631563,0.932657031503972,0.257837916373275,0.530715270725079
"97",0.802290195475332,0.82836626149714,0.390238789258059,0.818426229684148,0.629133136522956,0.207016265832353
"98",0.432572953357361,0.644317740585655,0.834932515701745,0.623107858019415,0.695884143089876,0.816410977680236
"99",0.667656331037637,0.235556737699546,0.932973224970046,0.504581182974856,0.289740349456668,0.182947995695285
"100",0.375775114424992,0.47204498588806,0.538394497644156,0.163275809702929,0.832847506518941,0.320035251052585
"101",0.508739976702724,0.610165520867799,0.199236145077273,0.488479872543365,0.663544234601315,0.690814010796137
"102",0.784437260484323,0.271708296197467,0.701094166567549,0.246724699674174,0.835958698019385,0.755505776556674
"103",0.846363964707125,0.149459829328582,0.735070341286715,0.751299755885266,0.332193867872469,0.668130503321532
"104",0.778227288067806,0.457737838621717,0.713242001783103,0.54279090360133,0.446200456630439,0.360584452769253
"105",0.782303000015672,0.243883466030471,0.254022178312298,0.682010247884318,0.843366838589776,0.830551035265904
"106",0.431383034665138,0.207198188108858,0.882646294036414,0.709011991132516,0.351667332162615,0.368079490512144
"107",0.319752871120814,0.569784444831312,0.90049706674926,0.498147117010318,0.761203446920961,0.226494244345929
"108",0.647494901906233,0.71845790934097,0.291814017958473,0.753762224453967,0.0985527532398701,0.132903153418098
"109",0.632575148732867,0.66684669551393,0.741739561525639,0.872829810219817,0.669247894144151,0.60336680335924
"110",0.13486248539621,0.197355330511462,0.696815655683633,0.552907562098932,0.190199626910966,0.515592681446113
"111",0.0652445870609954,0.750029051219579,0.102158691953402,0.266371519247536,0.214600281486753,0.787563817153685
"112",0.548113294820767,0.229954074328765,0.134922331173904,0.577024154995568,0.675078403207939,0.434729844918009
"113",0.703592209238559,0.86139844787633,0.355483143418096,0.206702839732636,0.352234385207761,0.752709296083078
"114",0.154768599069212,0.317787995182443,0.348791387068108,0.19816777036665,0.580462278633844,0.129242956760339
"115",0.76584088220587,0.193223220715299,0.648159370159265,0.842453937718179,0.792262975173537,0.907807581509929
"116",0.736511956267059,0.723262600976974,0.417165970900562,0.707264115238562,0.657088378961664,0.751727398108225
"117",0.0915671853390522,0.557838806144427,0.499022173488047,0.788208178510889,0.279560477451887,0.42659709080914
"118",0.213451443881262,0.185132363170851,0.611276612700895,0.0931856075432152,0.603119158642832,0.508234026971273
"119",0.708431264360435,0.903608978070784,0.719454719789326,0.169068691026419,0.768869312939234,0.666217138099484
"120",0.455074963870458,0.323137005618308,0.935364783789497,0.417954099505674,0.627018286390696,0.366614889244083
"121",0.677439622996841,0.238842981011607,0.248945525359362,0.0791680919877253,0.367075698552653,0.636589851250872
"122",0.400458024573978,0.105297104279976,0.261090238749981,0.531312467217911,0.407588596778456,0.631468163996935
"123",0.683395951230545,0.646780952778179,0.463088755992707,0.122637239197269,0.392950043682009,0.479645566367544
"124",0.51209870870458,0.262733062390238,0.612295088243205,0.774505559472833,0.450411047003232,0.670066297315527
"125",0.413645502672065,0.313236148527823,0.652617354338057,0.86184318108391,0.452347138663754,0.190876327608246
"126",0.153996592123061,0.272832539565861,0.784580994043499,0.630471507265232,0.573631102551241,0.484261556605343
"127",0.252937680723611,0.366534778860863,0.35872586907912,0.710348358946387,0.485954972064123,0.685838195663877
"128",0.530563297094777,0.634815291151404,0.7458964138343,0.0769922146103345,0.432753376113251,0.0666642217938788
"129",0.61000526846014,0.399406087921467,0.152962066998705,0.26559080851078,0.0877816830966622,0.245772903910838
"130",0.24367438086262,0.927628370275255,0.624741802793927,0.431134885955136,0.22299437254807,0.310638734703418
"131",0.312369050851092,0.449416091100313,0.393698751522228,0.841806884713471,0.786443032787647,0.376380311540794
"132",0.357504392583389,0.753250658000354,0.311883614065126,0.920839599675965,0.134998934601899,0.84627850538725
"133",0.696726390155964,0.756373731950298,0.872073556896299,0.849838020098861,0.324820886277594,0.940712207331322
"134",0.309874724320602,0.388690569568425,0.294341627418995,0.783225292477291,0.196115042464342,0.291575555005111
"135",0.226601943083107,0.884239813263528,0.116952011678368,0.667839566362556,0.906354341839906,0.281844651906285
"136",0.777181392327882,0.450363388415892,0.160491354239639,0.333270652354695,0.679292321903631,0.238535828534979
"137",0.574332359370776,0.613475434378721,0.361809718748555,0.138806352964137,0.825600118860602,0.728222560988739
"138",0.849097618874162,0.444953305442818,0.322893800057005,0.650134104557335,0.526253045314923,0.266436270989012
"139",0.65973871004954,0.205614452710841,0.176272426865995,0.419419664472807,0.575288191987202,0.819473482875619
"140",0.332104165545199,0.171542190023698,0.571731743625365,0.602382702524308,0.890827223502565,0.0907917280113325
"141",0.661697413533926,0.418982090806123,0.818288077767938,0.110514204423875,0.503610736559145,0.776516434689984
"142",0.100391046017408,0.241126763046719,0.289750587983057,0.381548636601772,0.0203197110025212,0.469797461858951
"143",0.396763621287886,0.361241108122282,0.916089014997706,0.279844397653826,0.460999097066466,0.0929201374766417
"144",0.504357123050373,0.626820010654163,0.777553298197221,0.761641889752354,0.391270691635087,0.13828850421682
"145",0.469904679203406,0.29544988719793,0.599837636369281,0.262626046593301,0.613800723026972,0.860230377873871
"146",0.0280346953072585,0.31095072813984,0.441544897661544,0.533341163351666,0.405240601830184,0.405603113888763
"147",0.811187752365135,0.442599029089324,0.0785509971212596,0.619601122544147,0.0754233963782899,0.4914028272531
"148",0.156414739287458,0.100232260539662,0.280188190025743,0.910244458187837,0.797239102160558,0.219529218469281
"149",0.750027499235701,0.639515205701813,0.891530157744885,0.316200465268921,0.87332394100586,0.779732392983511
"150",0.0546977983275428,0.679197107012384,0.266684358026367,0.320338285808451,0.773713059861213,0.947641295934562
"151",0.307965889630374,0.794310675286688,0.2286209811382,0.610743431982119,0.382755785003304,0.414661864440888
"152",0.616871970532928,0.92812946371641,0.557776904962026,0.221627378552221,0.161211554079317,0.309956749137491
"153",0.444843949221075,0.526642085046507,0.00497480788966641,0.806016985676251,0.96311729187239,0.537589397848118
"154",0.842154757128563,0.406057791178115,0.853763251201715,0.695423822388053,0.437504466950893,0.050821523046121
"155",0.403701714176219,0.302652036046144,0.133850782705937,0.194399628886953,0.954533597925678,0.639903202368412
"156",0.890933239059057,0.0470548454108648,0.182392198461574,0.833317812217399,0.22817111685127,0.73059861081047
"157",0.322319169329479,0.775597421793267,0.780099512843881,0.803231676269323,0.859409155664034,0.620868968039751
"158",0.911146804239601,0.113178702460136,0.850594454137143,0.119856281682849,0.23284158138372,0.888649864861276
"159",0.689186288000084,0.369050442609005,0.250694466795307,0.924739557800815,0.355103271648288,0.220622703331988
"160",0.731141613033135,0.53810711253155,0.633653231529519,0.568723811315373,0.92337683502771,0.934212714191061
"161",0.0593880181983113,0.489637158590835,0.458410192437936,0.200879411759786,0.150665924245957,0.9218434819635
"162",0.712495376486331,0.71726298852684,0.723729249490891,0.136791170116048,0.601780772484373,0.351185534148011
"163",0.554105809424538,0.0645929121840745,0.0822208680864424,0.215101478165016,0.57953283536993,0.613898067046888
"164",0.830330452752765,0.629178951513022,0.698286221406888,0.846695648518391,0.721774058383424,0.296034658752382
"165",0.172547579875216,0.877585683646612,0.0910809214287437,0.141957051796373,0.609627640278544,0.625828972969204
"166",0.387269924845547,0.72093085634755,0.601535173802637,0.609208535491955,0.774193389988039,0.288676885435823
"167",0.359723098458257,0.161912223415449,0.387752674955875,0.648008418048266,0.127116315376945,0.841652625002898
"168",0.641877083352767,0.290559432479087,0.637441407290287,0.785747650706675,0.812061172652058,0.194627161073964
"169",0.285717479660176,0.833076930940151,0.602822342273314,0.767307330495212,0.330367991626263,0.433903201739769
"170",0.49194139816612,0.140013959841803,0.65486969748931,0.222181944874581,0.104354918195866,0.410683560550213
"171",0.137977290576324,0.802096219928004,0.822360861308407,0.142919134930708,0.137419475954957,0.241292640557978
"172",0.292791377962101,0.701356070305221,0.336322664888576,0.176583332002163,0.371183910953347,0.304011445770972
"173",0.763026251009665,0.615677913342603,0.40104091112176,0.889526233107317,0.170773195176851,0.928708956385031
"174",0.771716949562542,0.409887416427024,0.197695388327818,0.625596693740692,0.402671638298314,0.821564425509423
"175",0.906290587872267,0.195419805469923,0.174786197819747,0.0877681486625224,0.717132573866285,0.756504912802018
"176",0.124882018736098,0.555307889268268,0.45222599355597,0.437111558607779,0.399564419821836,0.73777105508931
"177",0.263167767220177,0.114234626004472,0.0719064539051615,0.838860185811296,0.540949231312145,0.346055040027481
"178",0.301746959872544,0.905696316787507,0.439709719714709,0.528088982349262,0.655585380525794,0.707571331214625
"179",0.0243083667997271,0.285518750174902,0.897921810365748,0.399356177628506,0.762022073551547,0.807244212585501
"180",0.302968037240207,0.446458483596798,0.757951584903058,0.923322151439264,0.809232722792774,0.845412604229059
"181",0.098216942272149,0.889652315204497,0.833476817504968,0.23382517733844,0.0713019501138479,0.611182035711128
"182",0.120282122789882,0.425989897482097,0.159224863740616,0.927530438551214,0.207798530649394,0.676889478616416
"183",0.873012495495845,0.299571078984067,0.703690804260317,0.830668484746944,0.42853963426128,0.338250871342607
"184",0.854657337678596,0.922934488201514,0.567881926961243,0.597425168511458,0.582047397921793,0.554098452107515
"185",0.0683337649144232,0.28177494257642,0.472115300734993,0.588651499902364,0.683180278776214,0.106950125308242
"186",0.743722009216435,0.859776910731569,0.25942838773923,0.315632366678678,0.677047211797908,0.714232618617825
"187",0.602561404407956,0.500700275200885,0.798404464040417,0.912092174340971,0.122046202411409,0.248731757438276
"188",0.826603946329095,0.746424417417962,0.181842693921644,0.0645809721569531,0.416676433344372,0.172094088683371
"189",0.576548118242063,0.431519034201745,0.729188985328656,0.210910020869225,0.703569024771452,0.157314442728646
"190",0.21447731183283,0.335177860405296,0.437753785003908,0.483767849937547,0.0483017539237626,0.174270140734501
"191",0.844103357376531,0.122825657157693,0.925590856332798,0.561267827451229,0.831463544706348,0.674695202485193
"192",0.850485074486584,0.162126196970697,0.327586230980698,0.540953966359142,0.400057141851168,0.523166565219406
"193",0.969263632108457,0.212852146064397,0.162471714623738,0.452050901927054,0.102374082401861,0.854598718595225
"194",0.34909133040579,0.172640563740395,0.871281164053362,0.288181681686081,0.934242296581622,0.314745281557552
"195",0.311210634812713,0.289698926198296,0.0678623974104412,0.358746587803122,0.551777009847574,0.441895673980936
"196",0.562972933091689,0.0935656367302872,0.503999760801904,0.55144778523175,0.621465186607093,0.84928624262847
"197",0.535588965801522,0.623259569296148,0.227681056300644,0.303487271307036,0.219408720127307,0.902254173762165
"198",0.218095622601453,0.35170441255765,0.0730453038536943,0.0449741856572218,0.811814956348855,0.886278840203304
"199",0.86246950365603,0.848861956846435,0.585292960658669,0.31900789269479,0.0907033430519514,0.873729697180912
"200",0.772216483750846,0.217030950329732,0.940673664482776,0.410801406826358,0.435545658989809,0.652699954555836
"201",0.859115640633274,0.370849007916637,0.562749559234828,0.690049991867971,0.155737486666068,0.545483763967641
"202",0.787575194264296,0.949927889747545,0.817090843277052,0.473879745212849,0.584771487928927,0.843729913325515
"203",0.935775235928595,0.786792159894481,0.300178675280418,0.582454118349589,0.247010851012543,0.695422479402274
"204",0.625998078817967,0.583965093076229,0.362664447490592,0.350809746799525,0.725029909797944,0.422882743472233
"205",0.384388474841602,0.152774075951893,0.908382521178573,0.28130036818143,0.661730735470075,0.672145426021423
"206",0.298781420556363,0.682795201739762,0.721896828458644,0.348437384294346,0.718126160765998,0.539614450241905
"207",0.245906909750309,0.841404896438122,0.231964263001457,0.749409892613068,0.879169682005886,0.865563133079093
"208",0.615455639198888,0.933135568808299,0.692994295877404,0.854108940677717,0.24157616202021,0.551991950169206
"209",0.79803582885256,0.564990452175494,0.126306466083042,0.653348954755813,0.784885488505475,0.079949716355186
"210",0.426842034453992,0.35518962171115,0.168722450174391,0.102486632891931,0.925190854341257,0.184322438009083
"211",0.835226264478173,0.528987041500397,0.264310017730109,0.627642466636375,0.885765054577496,0.466542900135275
"212",0.714433765241411,0.814948922925163,0.470506297261454,0.985852481102571,0.29103819479607,0.204402567150071
"213",0.203183611460496,0.772814191785175,0.861821880165953,0.368762606733944,0.472336253405549,0.152003417824861
"214",0.630508345107548,0.715588736117352,0.411494302622508,0.878275833792519,0.869501308856066,0.533304278689902
"215",0.331968922455795,0.24567952456465,0.165094066436868,0.109195886401925,0.144198574644979,0.101207838479895
"216",0.199419896095991,0.624345549117774,0.561053697227035,0.768105049465783,0.0728045340850949,0.168882106252946
"217",0.258372541491408,0.3398049269123,0.4185430000755,0.171265599232633,0.305061064052861,0.340101045259275
"218",0.52220059228316,0.896738654083572,0.671481645242311,0.0909246297623031,0.849917456975672,0.214353919107933
"219",0.296216031271499,0.088531251986511,0.204783425462432,0.492299257457722,0.823293859989382,0.894756211778615
"220",0.565392949802801,0.543213232402224,0.129691961084492,0.151071179043502,0.358216878965963,0.471481896863319
"221",0.373422036217991,0.811500318713021,0.242412440336309,0.53931842060294,0.0639382891710848,0.137432645813562
"222",0.636030655481853,0.387986286987551,0.157233095918316,0.845711572065484,0.700805786632933,0.659360684293322
"223",0.912222077677026,0.375720620127395,0.376289567985106,0.179804362116847,0.120834809325635,0.959688078398351
"224",0.654168693227228,0.484492343950085,0.743506495486945,0.37436016465351,0.178421442426275,0.770914840856567
"225",0.404615152626298,0.128790794485249,0.876472841160838,0.897575947935693,0.250715762724634,0.88531595158251
"226",0.195175497740973,0.47727077109972,0.773815796804614,0.755074578553438,0.915000073820353,0.217137409036513
"227",0.114895588776562,0.783330563894473,0.862141894169152,0.395728213123977,0.947216320963576,0.811048349847086
"228",0.822658051010221,0.400239293917548,0.371336806650739,0.366300010604784,0.744068668705411,0.768636030201335
"229",0.816465149120428,0.130463973065373,0.68449973210739,0.271716251656413,0.307105124883819,0.391661797813605
"230",0.354684595179744,0.279981637629215,0.559884056192357,0.478972127318382,0.748186164424289,0.600214238282759
"231",0.546622813816182,0.549670224840753,0.350720780398697,0.613678016715683,0.32837993604783,0.381686612165999
"232",0.440494550259318,0.99785875881929,0.992924802383874,0.455908260592725,0.794065833972767,0.224601846800651
"233",0.28168434685329,0.0864007879192941,0.457680276894011,0.867050537494011,0.438896722143516,0.80885901730461
"234",0.248340351840015,0.50827397825662,0.173605825222097,0.558632383042946,0.174498165650759,0.759799317178316
"235",0.888684957048856,0.183866317746229,0.682176979138516,0.347456665820908,0.524977402561344,0.913723499632906
"236",0.327702283829451,0.1193236416867,0.755624529830646,0.429797801995184,0.00841843613376841,0.717058443389833
"237",0.710167255995795,0.158178895421326,0.396324842319824,0.283876681458671,0.554942571879365,0.0815207631639205
"238",0.361546019864269,0.544192750543356,0.0760274904053658,0.0692482594549656,0.381815963793546,0.0171600383729674
"239",0.418913286775816,0.855554639989044,0.586364447425585,0.450882420198992,0.882382796575781,0.98008648399869
"240",0.928902947443072,0.287802716812119,0.886283929285593,0.535098458494525,0.817935221012682,0.21399446118623
"241",0.119937448067591,0.588988493577111,0.420743105188012,0.885882764946204,0.892719553055707,0.1149424738097
"242",0.840479543695692,0.901158770823851,0.0527517222161405,0.835294184194412,0.177896089295391,0.0598480656007305
"243",0.27770399636263,0.0827351614451036,0.190056631054729,0.85848197230557,0.139998149586376,0.0779603064055555
"244",0.793262681720313,0.570542930633295,0.517295882849954,0.338631922454108,0.0776090475162491,0.348819489142857
"245",0.925808913015295,0.414081601941958,0.892575280291028,0.0269963351925835,0.326908365882467,0.04771858304739
"246",0.378473534935154,0.796942188030109,0.590955462784972,0.388346115681343,0.349034530403093,0.891512728339993
"247",0.502728164945263,0.505261482895818,0.658416344955564,0.740484263890889,0.444374105861876,0.943214579419233
"248",0.732055767569691,0.874014566031285,0.945954838076141,0.331714474448934,0.274622379911132,0.159659337718971
"249",0.808736957195215,0.895927079027053,0.331600428540725,0.465998423251789,0.221206604322884,0.111164508888498
"250",0.514233085003681,0.965472259854898,0.308800440413412,0.159055230063386,0.91301915199263,0.857246411175467
"251",0.180623600244056,0.935987697003875,0.430459553939756,0.385085479123518,0.537468438625801,0.330473941931035
"252",0.892441446423996,0.604595997309778,0.640801405054517,0.914285291052423,0.764109421179164,0.910047093200963
"253",0.0104941874798387,0.102251686412375,0.59277740692813,0.292604870625772,0.788116462544072,0.373173273897264
"254",0.879734279790893,0.973947464224882,0.202203830244485,0.501852922776248,0.643065036426298,0.10598569333693
"255",0.876319794806186,0.343462075564079,0.618571821367368,0.484284921545535,0.0932676930534653,0.00255922693712637
"256",0.494202676285524,0.0707634026180022,0.46746995380288,0.850638724661432,0.776871822266374,0.498814791041426
"257",0.295607338324655,0.640921691361349,0.43399031327432,0.0558279717653058,0.666721592417452,0.0880877408487722
"258",0.480535240214784,0.358036042380612,0.220398686239496,0.720300502068829,0.80214551196387,0.145667179571465
"259",0.945495312327053,0.762893875014968,0.906013580862433,0.516597245378885,0.712276219947729,0.275522217422724
"260",0.595309797724243,0.0965955821252428,0.854944975344464,0.668898032702506,0.591314714092296,0.0989006835892797
"261",0.0957057148078456,0.513579604196828,0.155173647051677,0.432821469952818,0.337943411468063,0.42992093514977
"262",0.867351620823145,0.0514692740812898,0.312148929581512,0.662903704248369,0.547296182112768,0.17647720958339
"263",0.10323806282226,0.137437289368827,0.782156504623592,0.208933770254254,0.0379540270082653,0.385708474164363
"264",0.129091120583005,0.404051636101678,0.79113051493559,0.440665264349896,0.441369580200873,0.242587443069555
"265",0.337897983158939,0.867882618138567,0.0348584436387755,0.251243161985185,0.936300347127952,0.518364618706051
"266",0.0766829231162555,0.769045522308908,0.0242216967274435,0.853924470874481,0.448685686543118,0.412719149569515
"267",0.0441795976436697,0.264153021767735,0.680956171474885,0.449778773798142,0.300496398618445,0.936610321848653
"268",0.884500316946302,0.693918750818353,0.123025261874776,0.963617048058193,0.532424304788467,0.733930214519147
"269",0.160165138863958,0.581650097189937,0.256101820373442,0.404630469251424,0.758926958865486,0.56416270274017
"270",0.421904772464186,0.143871972436085,0.546513497816864,0.185440882933792,0.938968555100262,0.867423747791909
"271",0.321182610032614,0.731702094048727,0.287071556596085,0.820064264320303,0.489165287808515,0.762076044661459
"272",0.895490019854158,0.0220838583162986,0.36558248582948,0.149675415099133,0.470074429786764,0.578225192351267
"273",0.970935838110745,0.497966529723722,0.905818995645735,0.658378520765342,0.806643471962307,0.561583016560413
"274",0.566925117637031,0.436682530401275,0.839226668991149,0.258368022495881,0.311035530257504,0.397841260981746
"275",0.760695974634029,0.980637606688775,0.225619666588027,0.739751209803391,0.615309848818462,0.973289378507994
"276",0.585499501029495,0.957949410301168,0.247600218376145,0.409627978042699,0.421532753660809,0.454786406499799
"277",0.201659413632005,0.23024206635775,0.485499291897286,0.0855936368959956,0.372484503183514,0.745661347975489
"278",0.164574202530552,0.269220835744869,0.840951391038951,0.918008171626832,0.386925982497167,0.599803534525912
"279",0.800989740688819,0.198079924948514,0.564429968629032,0.0884725715001114,0.926387377641164,0.409597619686741
"280",0.340939296485856,0.332041064416524,0.214519207874779,0.77967230949318,0.968535044392571,0.784788892918732
"281",0.583641521666199,0.307015116120689,0.341394460731652,0.363283408478368,0.158226797953248,0.72295659280289
"282",0.459615387321915,0.426386780228,0.232413507688791,0.244157800861169,0.577176675756462,0.970488799224142
"283",0.408158019635361,0.664582182441838,0.0514258334413171,0.228395776439924,0.958524839247111,0.957848911981564
"284",0.0960756489830092,0.0386608108710498,0.569176309820265,0.156170987643301,0.0810340202664956,0.0218687959434465
"285",0.529898197642528,0.155217693948653,0.0400596272018738,0.15451371799456,0.519329820307437,0.0657616633656435
"286",0.0673663620874286,0.233454376406036,0.426455310225952,0.743585017198697,0.113228605440352,0.493861030107364
"287",0.560749123724643,0.651700463036541,0.505874094445724,0.763347752065863,0.610627134968992,0.00951515870867297
"288",0.67511309046438,0.326847257505637,0.37801303007314,0.877794738688972,0.028854174873326,0.747260497626849
"289",0.0814800061495043,0.0268489862899296,0.809331383433193,0.700100666050333,0.426501019733958,0.1210898979255
"290",0.951415788169485,0.377131853570696,0.664817100028042,0.679156413263176,0.534489490789361,0.735101085518487
"291",0.880070045601111,0.728693052805495,0.967328841870185,0.554459109539166,0.361762062676717,0.986081863511819
"292",0.0418549943594262,0.659775003310759,0.918145932232495,0.590444767313544,0.362245633256622,0.654136163043324
"293",0.533415632959921,0.924359134525061,0.889357700515073,0.443983103517909,0.0551744084334932,0.645685738708358
"294",0.26120870631421,0.585185010930523,0.056344910771586,0.980195281714667,0.314997876875103,0.00777183759026229
"295",0.162344830899034,0.630521756321192,0.307118679370731,0.0151307826335542,0.152719800774474,0.60888085374143
"296",0.66301150694536,0.857597291856073,0.200182657199912,0.0809094329741783,0.0605083137694746,0.39592972043762
"297",0.000966724535916001,0.806321303573903,0.519367085484788,0.0434536096542142,0.44262465684535,0.257080736757256
"298",0.00319192893756554,0.880018758646678,0.461390460052993,0.599220565951895,0.852900038276799,0.359396282327361
"299",0.107359064969234,0.525106101574842,0.813628445707262,0.13223253876064,0.504844459167682,0.985746470741462
"300",0.759577502347529,0.950886502569541,0.145664037534036,0.390881482817233,0.908650629718322,0.407523899481166
"301",0.254768123914488,0.0557087264005095,0.894370554542635,0.502773634013254,0.801303595716134,0.0527162886019796
"302",0.233427503101528,0.578173004278913,0.631000839142129,0.730050882026087,0.604958831117488,0.569694846450817
"303",0.604160974763799,0.156857519419864,0.989268244915642,0.882284886464477,0.670304659546819,0.760654583706986
"304",0.0618757926886901,0.467053332639858,0.733620669263415,0.0116123669482768,0.715694311090745,0.277865364481695
"305",0.653375205728691,0.246902089910582,0.0392339924369007,0.902105705935974,0.342557695592288,0.54344671347877
"306",0.724434057759587,0.043414798070211,0.429860185974743,0.979813135114033,0.266115323307458,0.151787152606528
"307",0.122036231763195,0.988206482974812,0.496347861058079,0.10008599750651,0.468075960169546,0.863801939297002
"308",0.0210227795951068,0.887284111154731,0.928666220586747,0.167750549063087,0.62280395818362,0.742430170568638
"309",0.613803545975126,0.499372407320887,0.815040879804175,0.290044368246105,0.911350875305943,0.474320866743568
"310",0.643550792933907,0.680161115804221,0.01375064276997,0.304402041339315,0.051166800968349,0.0868902777158655
"311",0.752319904822391,0.599539280981291,0.108113367038313,0.948186233134475,0.917972423677798,0.295195132288616
"312",0.806546168886591,0.257021311016753,0.0472823407454416,0.327011494907085,0.282408868647646,0.392199131913949
"313",0.486113362486474,0.221005006924737,0.955120276479516,0.127521561007947,0.057841310268268,0.982863802255131
"314",0.36865540254768,0.633290896698367,0.739506839975249,0.457734922183212,0.0687887903549708,0.131305211078376
"315",0.918254901091568,0.642884629786015,0.589974883829709,0.671292653362267,0.286789681570604,0.298039920503739
"316",0.568708188165445,0.188583154824562,0.582250749207567,0.632747824813705,0.245283424859867,0.400995389232878
"317",0.694604955189861,0.606968743538018,0.167265860634856,0.575930418558884,0.903075090834871,0.901156606466044
"318",0.452469528071117,0.574857163033914,0.811844761126209,0.871102772534359,0.0826232780478895,0.897417446617503
"319",0.130130180790089,0.190647668717429,0.910556842991617,0.909042450381909,0.864584313578438,0.663038991040084
"320",0.820366888277233,0.227176591963973,0.302788595166057,0.00942501857317984,0.818442898829468,0.00404743397422135
"321",0.13251018190477,0.586570719060022,0.124640391310677,0.508612409144174,0.862880269700196,0.141923605761025
"322",0.556689336244017,0.561296156718396,0.884364673632197,0.606628975969739,0.495827029542066,0.548908689373638
"323",0.0330545278093778,0.346136334176641,0.0759146803375334,0.277334135015029,0.545026091867126,0.802164008168038
"324",0.975546069080476,0.0488426856761798,0.47810897126561,0.128752844063099,0.920998194926418,0.829109481035732
"325",0.599501378329471,0.126918459936511,0.282086585943121,0.421728004304226,0.965850448041223,0.55701090337988
"326",0.0562472100378945,0.870121232020203,0.549566853529308,0.916157525460701,0.248599600353278,0.80439413593011
"327",0.0179360124780796,0.603282823058311,0.292265462968498,0.875176323283929,0.950034739131574,0.67987647308223
"328",0.457236983859912,0.000811104737222195,0.38323062565038,0.165164171781391,0.984978947607335,0.142035400339402
"329",0.608277515542228,0.952234311304055,0.0595555397639982,0.307567338501103,0.344329305802006,0.868323763896246
"330",0.39416400215216,0.390810304712038,0.0608224583640695,0.547931114798412,0.409299904680811,0.031070449443534
"331",0.0895908820540644,0.460470721293241,0.576191267528106,0.413468647950329,0.995283818309661,0.641417028495111
"332",0.946564411492087,0.74486764060799,0.506568993597757,0.424944187803194,0.898476023159456,0.682323854140937
"333",0.780346026682761,0.187637545243371,0.0690442523681559,0.704452858843375,0.973194591076113,0.0276204983303323
"334",0.994781463022344,0.109202054888941,0.402447481839452,0.725168178329244,0.905283890371211,0.465684502527118
"335",0.64404830849031,0.0795796638596803,0.986332167802844,0.0356398338726722,0.12936473725643,0.525686085542664
"336",0.0856464709891006,0.0809610424833372,0.121465115591884,0.86573509866558,0.751038041125517,0.908603564782534
"337",0.551018653320614,0.912226572543848,0.320634509975091,0.467478848055471,0.0248871257645078,0.713358952213079
"338",0.0825814466932789,0.703893817707896,0.952466011097655,0.999187976754736,0.631163619086146,0.703754441194702
"339",0.00461954933777452,0.688591443803161,0.218792819167022,0.340402897930704,0.0479869772917591,0.163436277100351
"340",0.572719736617524,0.200348457405809,0.796293250040151,0.00658884831890464,0.430629500999581,0.178155574413016
"341",0.416445662924554,0.809717175340746,0.865941555086989,0.824920099655166,0.929703958987258,0.23604943812592
"342",0.18399298306182,0.372735770801548,0.325465138813481,0.973585726431571,0.520752203384414,0.253152440824546
"343",0.500031073424034,0.853022813924588,0.449108658493496,0.106967634357046,0.570101703973487,0.616533635218628
"344",0.836959625263233,0.601858699914534,0.0850423265518621,0.578186842713505,0.542028812616132,0.494836715804879
"345",0.965377295852639,0.465540747867897,0.23489660765091,0.152696786824148,0.943027484711725,0.553371801783331
"346",0.451884133945219,0.0177865966563113,0.669127773306333,0.31246453419188,0.397676104739308,0.939331044524908
"347",0.977179415133782,0.0283299041199498,0.747389135443606,0.403342085222248,0.41147719320748,0.0448258571051992
"348",0.499830326007213,0.515324343838729,0.943872005209327,0.00308026304515079,0.948389574007131,0.112744748424273
"349",0.482091654770542,0.133086364799179,0.963231921890285,0.664499346436933,0.0453200400569476,0.063944350768812
"350",0.38254107126873,0.910747910067905,0.352631795960013,0.795749325248878,0.637039386717137,0.334346732626669
"351",0.672995662258472,0.17613780375151,0.786623367354739,0.939501347543206,0.031740008091554,0.497106732271612
"352",0.291580135191325,0.393647538744379,0.0209599313791841,0.0748751371777616,0.201635505663231,0.853278898384888
"353",0.931376403077506,0.842478165119886,0.674844611502253,0.994414549355861,0.49740663338732,0.559438969256356
"354",0.649931712561753,0.917821479757782,0.80790010093106,0.584422486253548,0.871792733608279,0.574647062320262
"355",0.516254023632035,0.931084765497595,0.820971912926063,0.0576739702736959,0.142528929007705,0.917710790339857
"356",0.0352744959667325,0.943382299111225,0.794465105049778,0.660987447058782,0.563336276355665,0.327227793962229
"357",0.147628328548279,0.765339687794447,0.84531010177359,0.323872642042115,0.996914221729618,0.263411637634505
"358",0.570584331194405,0.620625262332615,0.0891896599796601,0.856306849182583,0.261998090412002,0.838497945599724
"359",0.621091797798872,0.0334673435501754,0.398321540915873,0.990148083704058,0.889316082356032,0.0826860303240828
"360",0.0934496422503144,0.471072124747559,0.0808368126712739,0.0999294141475111,0.709988655015361,0.272317405481357
"361",0.108577900520992,0.422998316375073,0.827500534127466,0.175848536633886,0.317846229527146,0.592864872060251
"362",0.921171103690751,0.53243557222141,0.487000173073728,0.570823892569635,0.0053253454528749,0.899573516787495
"363",0.521430326034781,0.0732332253525965,0.984522848375607,0.565987745675724,0.931625189396553,0.448874394724146
"364",0.540303391164634,0.944049179478548,0.573159349991009,0.638885278258007,0.199165703898761,0.254660448294133
"365",0.150939625740983,0.919344288766384,0.552514742045198,0.907789376810193,0.323980045730714,0.0491527599003166
"366",0.273406725638546,0.479416677993257,0.996877376858611,0.735381575987674,0.184871900515165,0.337036699504592
"367",0.00936455188132822,0.453684909540229,0.346308471752796,0.718364134851843,0.412520037483424,0.926033520929981
"368",0.449630321960431,0.670727341711521,0.980373940428719,0.249803164872341,0.639993725693785,0.789401825650595
"369",0.91503147246968,0.439276702759787,0.899697250665165,0.012692508416716,0.616178156780079,0.420023251754697
"370",0.592607945482712,0.0596830969341099,0.236843007610179,0.89559753984632,0.646415693323128,0.915341598277912
"371",0.825021328783594,0.798947756774258,0.973727044164203,0.309621512478683,0.357661125651561,0.576320900621824
"372",0.819725211440586,0.962663867657539,0.957498795962427,0.4461644889093,0.988446317353752,0.0695688493987545
"373",0.496821159007959,0.834656767115463,0.95005222171871,0.934881904176436,0.457348328277469,0.293163795265369
"374",0.344725641624536,0.340379817366134,0.522799557277001,0.545299854957033,0.840988147272263,0.993987794031389
"375",0.960883664153051,0.66338233496109,0.188030533106066,0.286697730909567,0.84686455374537,0.018708910014946
"376",0.148205227443483,0.0121662447373383,0.142126390059013,0.0413764772028662,0.619542213791981,0.590703445828054
"377",0.939208652768284,0.454419331255369,0.828023194489069,0.892882729607634,0.193131032170728,0.999359077071771
"378",0.325842233674601,0.991936799086165,0.848907715680543,0.686528570395429,0.253080179369543,0.922221103298012
"379",0.167902042181697,0.0948385535650887,0.965456370767672,0.810047849950381,0.0120096508422866,0.657981651742477
"380",0.738377205549274,0.551754892679863,0.622372610082384,0.515165040411521,0.976695097213145,0.094758909214288
"381",0.380346093108878,0.71275095890509,0.238182900903746,0.904128027389292,0.1337689621998,0.463716689690016
"382",0.342249167334288,0.0303680602032691,0.423339453067631,0.104364031646401,0.0140571393044665,0.596952444406692
"383",0.398004131362773,0.146410992700607,0.42531331936596,0.460818544927053,0.599336164354347,0.264300976180937
"384",0.0439478177498095,0.0527161533208564,0.216697301357053,0.567881512371823,0.334951102027204,0.189744678555056
"385",0.954557197716087,0.97715940395603,0.469438323386945,0.0615393616659567,0.699211692400742,0.425162092279643
"386",0.141091974102892,0.462944533912931,0.800967959350441,0.977799750678707,0.514931806604378,0.103049336057156
"387",0.967080782216508,0.998627601196058,0.778513526218012,0.787052693294827,0.0943250823304988,0.52074322675867
"388",0.519993864673655,0.321086951583624,0.434626473144162,0.11753458318999,0.624223219870124,0.573953718287405
"389",0.339436753429472,0.5946358408737,0.604546396867838,0.536011689460371,0.118574428228196,0.585223971369676
"390",0.932407073189039,0.801220659208018,0.52856643096637,0.0723648769911379,0.166568063094746,0.52824126945436
"391",0.365070910346694,0.0459619080987759,0.0999477685219608,0.698200602534227,0.874475330004934,0.375183221661486
"392",0.93723807016341,0.784732001294382,0.931242048872635,0.114676737597678,0.559723092060071,0.0424354193746112
"393",0.0785108646904118,0.971028321871534,0.867427407109644,0.477281554891262,0.0339050776073709,0.202515673135873
"394",0.438559802460484,0.850603599262889,0.0278383112796582,0.496687093342654,0.475289229328278,0.124239827231038
"395",0.993984324408229,0.506063404443674,0.915863002101425,0.494628298394382,0.826363159393426,0.968089312967844
"396",0.622286417739932,0.363472049845383,0.879680546807125,0.992090797525831,0.673018710993696,0.35640074013453
"397",0.0866746350382455,0.673177752551157,0.501708149429876,0.0463965317122638,0.732254513375927,0.699547910327557
"398",0.511799088868312,0.151165921153035,0.0457992792590521,0.799954521643929,0.0856268482753076,0.952469390918501
"399",0.897256688450463,0.00982131564803422,0.859704108448233,0.434713351751212,0.0171791640375741,0.33383653378766
"400",0.983520095859189,0.074459824198857,0.304340345384553,0.525136122670025,0.606068223477341,0.823312528963201
"401",0.791416048055515,0.0143261778093874,0.687394378780387,0.655162969350815,0.588202205095906,0.436478357683402
"402",0.464194080022629,0.521051218033768,0.555120849957224,0.07051307389047,0.226813243838027,0.874430186641868
"403",0.537701136824209,0.914098072065506,0.017380258298479,0.693198158657178,0.75689173219027,0.661854616970289
"404",0.580838765093591,0.812889165436849,0.465159927190281,0.256520773950499,0.491564434151165,0.108427237081807
"405",0.657920440609567,0.0769157246719114,0.409057908112183,0.355087985596154,0.156042293926701,0.0717298871036619
"406",0.805599477917887,0.54664841390634,0.0936479344060644,0.25352679876145,0.0273893836433999,0.651165906764101
"407",0.236487249647733,0.96931632536184,0.541477196183056,0.996932673765812,0.83644930384215,0.68710525972629
"408",0.882622439905535,0.573164470046293,0.107623522691429,0.0162013695603237,0.476475508210715,0.905564958968665
"409",0.687192237355281,0.78119126575347,0.113627205512021,0.988494719619863,0.501225834935904,0.199975282004569
"410",0.00765661785518751,0.939877920383122,0.208702310841531,0.469214357244782,0.940391812382732,0.693647149158642
"411",0.996645838361233,0.0362345408634283,0.00157213391503319,0.801807302753441,0.587730440062471,0.443973003604449
"412",0.169732457387727,0.608564239343628,0.979493557759561,0.771341166545171,0.970826854417566,0.966994440633804
"413",0.210093501927797,0.382772756687365,0.531753865135368,0.297872606552672,0.975524735365994,0.116599738280289
"414",0.0279319060454145,0.282043905908242,0.0945695663914084,0.422344443989452,0.991809164952021,0.646192441160791
"415",0.411717837190721,0.534032067052554,0.344955994074233,0.0625547340549529,0.00648079328751191,0.208815660910681
"416",0.973474955977872,0.890264373157173,0.0873416061894968,0.736102538467385,0.255653370217886,0.975412567735184
"417",0.0398575279545039,0.8990899932147,0.25351838555932,0.481547486019321,0.375794440580532,0.615520385290962
"418",0.916328209272586,0.727700569889508,0.921258693899028,0.951233798244502,0.986714909986127,0.458310816186015
"419",0.65134228049079,0.831674413494766,0.389093457967974,0.968952763744164,0.961918087658938,0.962960576521233
"420",0.832506281807553,0.480754629527684,0.976582194991875,0.144595037781633,0.270474841673393,0.944455982020125
"421",0.145849663893692,0.329568888638169,0.999391887877602,0.0531251538940705,0.867353074274026,0.6656570931389
"422",0.0147629760499112,0.203487959825434,0.512161956857424,0.757228411063086,0.68815089874994,0.517424275861587
"423",0.278150555521715,0.0352411792273633,0.372132823601831,0.0338790836501867,0.499595934517682,0.0727432801877149
"424",0.0719322260003537,0.0989436553535052,0.268248085320927,0.377618852815125,0.239597349969205,0.954031768888235
"425",0.0722269221269526,0.936188574669883,0.206194920064881,0.1879296275815,0.804730262624565,0.211312339553609
"426",0.28216420160979,0.314815773079172,0.949859908029903,0.58024947970733,0.513140809990466,0.871246769457124
"427",0.328945403182413,0.979768718930893,0.296327916279901,0.0490376407927833,0.0429514377093874,0.930682521134615
"428",0.717359388337936,0.993420946226921,0.974382520692889,0.715447015426587,0.0388648029062897,0.0240460106423125
"429",0.578435647542123,0.536640190579929,0.490506907154806,0.952782270602416,0.479049343870487,0.626278191911057
"430",0.43428830772778,0.219085440086666,0.0979191007199697,0.595543472815771,0.0668258693059906,0.387966897048056
"431",0.942750495318789,0.417594647193328,0.447594522331841,0.273638384429272,0.42277570760902,0.313745698722545
"432",0.999050737734884,0.297991485239938,0.75157239436172,0.956835757993627,0.187705825537909,0.0604170895195566
"433",0.704853955613449,0.0673042443329468,0.78832085700985,0.636879757228307,0.111753612647299,0.918482856925111
"434",0.922846927354112,0.48252939593792,0.138869787407108,0.681270175761543,0.164410292923916,0.0565915605197661
"435",0.597635264675599,0.708109016489703,0.0645761866336688,0.0584424709482118,0.738811590465717,0.259707966485992
"436",0.747641273830552,0.653330855223816,0.644073488804512,0.0304820720348507,0.953961215151474,0.836303941586521
"437",0.900783916305751,0.0246706847436726,0.482296249000356,0.458068586980458,0.894825368220452,0.0345994932027534
"438",0.990540820725262,0.331010812137276,0.10597258608602,0.971558235337026,0.313556149247102,0.883128179560881
"439",0.559365030699875,0.617472695040051,0.947521495435387,0.490266432781238,0.552544134985656,0.0968805013070814
"440",0.985197441325523,0.893040123093873,0.262124453178141,0.828593510501087,0.77813016319694,0.506390074559487
"441",0.22862184444489,0.817894023235887,0.0374317917292938,0.673389889396727,0.00203682588832453,0.932398887003306
"442",0.390835419049021,0.0560487297256477,0.847666191227268,0.360154493495822,0.384688608696219,0.399295399879571
"443",0.0634599628434517,0.974174225290306,0.634169811083935,0.572414648838341,0.658175116972066,0.925737502065953
"444",0.670542620537337,0.348629550439306,0.638901234617457,0.685385969947092,0.979195862265304,0.588176422968507
"445",0.184134428208228,0.441378128825687,0.824866400991101,0.0677546425908804,0.141685550776776,0.084766173733864
"446",0.668584823086392,0.955573967108503,0.594824993990827,0.964850715957116,0.124346585031133,0.991419551596045
"447",0.679983931045048,0.0207424017586745,0.923745140244253,0.0945238043661229,0.828970962746069,0.171555804074276
"448",0.987825204594526,0.412853756693657,0.412638961088844,0.929412967259996,0.69231421100907,0.135437577094417
"449",0.392626098420471,0.958614521021955,0.774744061224628,0.112517074174713,0.276383781888522,0.451658920533024
"450",0.286809002507478,0.134338036538102,0.7638008233984,0.940010033965111,0.94432926364243,0.0282266966463067
"451",0.506750694126356,0.788364813395776,0.0119428377319127,0.675069155818783,0.96642564798519,0.0389266186398454
"452",0.600877669492271,0.293546272305306,0.193800258006435,0.0971267247623764,0.957940744683146,0.951124763248023
"453",0.36696084785508,0.337724013198167,0.00641913701035082,0.646324791821651,0.561545708043501,0.741792492103297
"454",0.371072528114542,0.00221534455660731,0.694107248723973,0.987662433255464,0.346624103828799,0.352893769703805
"455",0.428201404557563,0.420861312373541,0.454169206356164,0.942042689575348,0.011018974932842,0.0122748626000248
"456",0.864250552902464,0.251249952537939,0.597589483474847,0.0379611780140549,0.0353912459905259,0.63572558322968
"457",0.013371451432351,0.121331801001448,0.00379266659775749,0.959405570193194,0.17237256461475,0.512813707670663
"458",0.171393383198418,0.593693301480729,0.406713818968274,0.520697081823368,0.464950401742943,0.123593814468477
"459",0.958855089274235,0.879367504886352,0.990309433236718,0.202135568364058,0.845478802636266,0.501435682624578
"460",0.796090673315339,0.695693967687897,0.520164214639924,0.43812004192872,0.455185448994394,0.851960910134483
"461",0.75747247277433,0.779696838322096,0.672905393142719,0.16139862522576,0.023351336536929,0.0155332018504851
"462",0.956739605282433,0.0078362333686091,0.318608082786668,0.716633347110357,0.0898367531183176,0.41785064915847
"463",0.216372726256493,0.872030723243486,0.831006720596924,0.930795927008614,0.0538975106622092,0.486656158423051
"464",0.988590624821838,0.168319333399646,0.869958760618698,0.966105449810158,0.711491946286522,0.996220261462498
"465",0.981128917657305,0.94723040655721,0.0239016923164018,0.337060686997138,0.281322066285647,0.324649271826725
"466",0.0232340463097207,0.469782004788052,0.0320023057423532,0.95591465510428,0.861434711471666,0.247410975246225
"467",0.415066172213759,0.79328482092591,0.474312298603356,0.34398972701747,0.993536256300751,0.476694058998488
"468",0.116654439115431,0.967365016452503,0.0426616298658773,0.776075360904913,0.0657844190550968,0.148253863116726
"469",0.0537834810432978,0.0117134519042447,0.938822088764515,0.22466141759837,0.101671923403163,0.949927671032958
"470",0.963836283273529,0.983250876116101,0.115215537994169,0.0208590334113687,0.078655857807491,0.98963404369913
"471",0.104439610349014,0.249819379906636,0.0547880532061681,0.120553553553764,0.205203002244234,0.418277872808278
"472",0.0367353923921473,0.0915544061153196,0.578183647428639,0.237850043870509,0.741932346964255,0.797942533289082
"473",0.774397018697113,0.139316289721988,0.00925268986867741,0.268609341905918,0.754865066996776,0.342853200002573
"474",0.0313966706879437,0.552164125656243,0.995998282483313,0.629049153967761,0.783909465403296,0.452377051099204
"475",0.927580890509766,0.994135048212484,0.620432761196513,0.677222157123964,0.595541620157659,0.0222588096759282
"476",0.197836101946421,0.707544226393569,0.0484830467277206,0.0394990851767361,0.569623792429455,0.965759751119651
"477",0.813621408122592,0.49527898930246,0.969183846427128,0.635851412162185,0.114264692205936,0.457308303019032
"478",0.111764360868838,0.940681272106711,0.836311324837618,0.051189587471541,0.68049661232857,0.00120064984681085
"479",0.902852625402622,0.378725197470747,0.0630195232685655,0.89877867245907,0.982833046038635,0.798855842671357
"480",0.94806194458995,0.255861255627591,0.101146485882346,0.00507831846689805,0.116470668394584,0.0544753518751822
"481",0.238195049848408,0.259264172783121,0.532722735750023,0.961915297634434,0.0598555159280077,0.880758956094272
"482",0.741319383851718,0.0689716473561712,0.982573945821263,0.213502368248999,0.730613287941553,0.814401211979799
"483",0.0492900477438234,0.0855759631088003,0.912268765577115,0.0837190722986124,0.74330041582929,0.0119035602109507
"484",0.0759681283612736,0.754762404067908,0.767168558076955,0.284337459996808,0.130075247712899,0.960892051546369
"485",0.905859811943956,0.00409864162700251,0.96195400487585,0.0186985612083226,0.189150109826587,0.0365629831845872
"486",0.489995987352915,0.0638844761638902,0.0313348517026752,0.945260644407477,0.467994777437765,0.0759312164303847
"487",0.856257904519793,0.908581566268578,0.0193769590812735,0.124354458741844,0.901629055006895,0.800183554166928
"488",0.0475855787433684,0.838839071271475,0.029665341203101,0.880916415640619,0.592642426667269,0.892760678025428
"489",0.618493158427998,0.921062719838694,0.937488822105806,0.982861926709767,0.652158438878134,0.825287316857837
"490",0.874848053304944,0.590877850118093,0.614060821942519,0.00170659541897476,0.998676790907979,0.0404592969473451
"491",0.269418753134552,0.040444871801883,0.60902646019496,0.975383304528892,0.881789662902243,0.976900462090503
"492",0.908629899932072,0.883079998909496,0.271001799524296,0.946804721319117,0.0414614417310804,0.505500480792485
"493",0.0508637369978242,0.0607575289751403,0.0151648300541565,0.227390291799791,0.887102366884239,0.119967342905235
"494",0.187763811327517,0.987613143434282,0.141731439320836,0.022379103903193,0.213122668279335,0.344287382982206
"495",0.97812499275757,0.961773993007839,0.958861334526446,0.0256126423766837,0.0191703840154223,0.858363119443413
"496",0.0180478937239386,0.167508663813584,0.802289583447855,0.587229906563181,0.00126994173508137,0.161015730181709
"497",0.246349628030788,0.776050787745975,0.926323710913304,0.0282124548880383,0.981503312218934,0.978135715908371
"498",0.953512044999283,0.0180657983496785,0.970229276947677,0.901584520082455,0.933586088722106,0.155910148537252
"499",0.159431661079172,0.984378615014255,0.53603882515803,0.937111113817897,0.855564312335104,0.0334711331892759
"500",0.734936358585954,0.110826553503517,0.13120014539361,0.235286494709086,0.298519781766925,0.995271906958427
